id_pessoa,horario_da_foto

2,2025-03-22T12:53:25.072Z
2,2025-03-22T12:53:25.072Z
2,2025-03-22T12:53:25.072Z
3,2025-03-22T13:20:11.647Z
3,2025-03-22T13:20:11.647Z
3,2025-03-22T13:20:11.647Z
3,2025-03-22T13:20:11.647Z
3,2025-03-22T13:20:11.647Z
3,2025-03-22T13:20:11.647Z
3,2025-03-22T13:20:11.647Z
3,2025-03-22T13:20:11.647Z
3,2025-03-22T13:20:11.647Z
2,2025-03-25T12:45:01.034Z
3,2025-03-25T12:56:20.228Z
4,2025-03-25T12:57:37.989Z
5,2025-03-25T13:03:14.735Z
6,2025-03-25T13:09:01.195Z
7,2025-03-25T13:10:03.807Z
